{"cameraMode":{"drawMode":0,"name":"Shaded","section":"Shading Mode"},"sceneLighting":false,"audioPlay":false,"sceneViewState":{"m_AlwaysRefresh":false,"showFog":false,"showSkybox":false,"showFlares":false,"showImageEffects":false,"showParticleSystems":false,"showVisualEffectGraphs":true,"m_FxEnabled":true},"in2DMode":false,"pivot":{"x":0.04035508632659912,"y":0.8176016807556152,"z":0.045491188764572147},"rotation":{"x":-0.28577858209609988,"y":-0.6591275930404663,"z":0.3001464605331421,"w":-0.6275777220726013},"size":1.0864598751068116,"orthographic":false}