{"cameraMode":{"drawMode":0,"name":"Shaded","section":"Shading Mode"},"sceneLighting":false,"audioPlay":false,"sceneViewState":{"m_AlwaysRefresh":false,"showFog":false,"showSkybox":false,"showFlares":false,"showImageEffects":false,"showParticleSystems":false,"showVisualEffectGraphs":true,"m_FxEnabled":true},"in2DMode":false,"pivot":{"x":0.00003653764724731445,"y":0.8294525146484375,"z":0.021346889436244966},"rotation":{"x":-0.20985503494739533,"y":-0.19445814192295075,"z":0.042633362114429477,"w":-0.9572684168815613},"size":1.3183443546295167,"orthographic":true}